<annotation>
	<folder>val</folder>
	<filename>24317551.jpeg</filename>
	<path>/Users/i073347/program/ML/custom-training/ebike/images/val/24317551.jpeg</path>
	<source>
		<database>Unknown</database>
	</source>
	<size>
		<width>479</width>
		<height>640</height>
		<depth>3</depth>
	</size>
	<segmented>0</segmented>
	<object>
		<name>ebike</name>
		<pose>Unspecified</pose>
		<truncated>0</truncated>
		<difficult>0</difficult>
		<bndbox>
			<xmin>150</xmin>
			<ymin>148</ymin>
			<xmax>322</xmax>
			<ymax>601</ymax>
		</bndbox>
	</object>
</annotation>
